ACTIVO,URTEA,FITXA,ABIZENAK,IZENA,HERRIA,MODALITATEA,TALDE,LEHIAKETA
x,1985,P26726,LAZKOZ ARTANGA,MIGUEL,ETXALEKU,ESKU PILOTA,NAGUSIAK B,https://www.fnpelota.com/pub/modalidadComp.asp?idioma=eu&idCompeticion=3258&temp=2026
x,1995,P26727,ASTIZ OLASKOAGA,UNAI,LEKUNBERRI,ESKU PILOTA,NAGUSIAK A,https://www.fnpelota.com/pub/ModalidadComp.asp?idioma=eu&idCompeticion=3256
x,1996,P29261,ETXARRI OLASKOAGA,ALAI,ETXARRI,PALA,NAGUSIAK G,
x,1998,P29279,GOLDARAZENA AZPIROTZ,XUBAN,ARRUITZ,PALA,NAGUSIAK G,
x,2001,P14541,GALARZA ROTETA,IÑAKI,LEKUNBERRI,ESKU PILOTA,NAGUSIAK A,https://www.fnpelota.com/pub/ModalidadComp.asp?idioma=eu&idCompeticion=3256
x,2003,P15213,IRIARTE CILVETI,OINATZ,BARAIBAR,ESKU PILOTA,NAGUSIAK A,https://www.fnpelota.com/pub/modalidadComp.asp?idioma=eu&idCompeticion=3257&temp=2026
x,2003,P28775,SARALEGI SUKUNZA,MAIDER,LEKUNBERRI,PALA GOMA,NAGUSIAK,
x,2003,P28776,GALARTZA ROTETA,MADDI,LEKUNBERRI,PALA GOMA,NAGUSIAK,https://www.fnpelota.com/pub/ModalidadComp.asp?idioma=eu&idCompeticion=3273&temp=2026
x,2004,P28009,EZKURDIA ROTETA,JULEN,GORRITI,ESKU PILOTA,NAGUSIAK B,https://www.fnpelota.com/pub/modalidadComp.asp?idioma=eu&idCompeticion=3257&temp=2026
x,2005,P28513,GARAÑO GASTESI,INTZA,LEKUNBERRI,ESKU PILOTA,NAGUSIAK A,https://www.fnpelota.com/pub/ModalidadComp.asp?idioma=eu&idCompeticion=3256
x,2006,P21570,EGUZKIZA ARGAÑA,AITOR,ALBIASU,ESKU PILOTA,NAGUSIAK A,https://www.fnpelota.com/pub/modalidadComp.asp?idioma=eu&idCompeticion=3257&temp=2026
x,2006,P21573,GALARZA NOGUERA,ENDIKA,LEKUNBERRI,ESKU PILOTA,NAGUSIAK A,
x,2006,P21564,NAVARRO MORIONES,LUCAS,LEKUNBERRI,ESKU PILOTA,NAGUSIAK A,
x,2006,P24952,SOTIL MIKEO,JULEN,BETELU,ESKU PILOTA,NAGUSIAK A,
x,2007,P22242,GOIKOETXEA GOIOGANA,MATTIN,LEKUNBERRI,ESKU PILOTA,NAGUSIAK B,
x,2007,P23221,EGUZKIZA ARGAÑA,MARIA,ALBIASU,PALA GOMA,NAGUSIAK,https://www.fnpelota.com/pub/ModalidadComp.asp?idioma=eu&idCompeticion=3273&temp=2026
x,2007,P24221,GARZIARENA GURIDI,IRATI,GORRITI,PALA GOMA,NAGUSIAK,https://www.fnpelota.com/pub/ModalidadComp.asp?idioma=eu&idCompeticion=3273&temp=2026
x,2008,P24953,IJURKO BAKAIKUA,EGOI,LEKUNBERRI,ESKU PILOTA,NAGUSIAK B,https://www.fnpelota.com/pub/modalidadComp.asp?idioma=eu&idCompeticion=3258&temp=2026
x,2008,P24954,IJURKO BAKAIKUA,IBAI,LEKUNBERRI,ESKU PILOTA,NAGUSIAK B,https://www.fnpelota.com/pub/modalidadComp.asp?idioma=eu&idCompeticion=3258&temp=2026
x,2008,P26221,SOTIL MIKEO,JANIRE,BETELU,ESKU PILOTA,NAGUSIAK,
x,2008,P27344,NAZABAL OTAMENDI,IGOR,BETELU,ESKU PILOTA,NAGUSIAK A,https://www.fnpelota.com/pub/ModalidadComp.asp?idioma=eu&idCompeticion=3256
x,2008,P27343,TELLETXEA BULDAIN,XUBAN,LEITZA,ESKU PILOTA,NAGUSIAK B,https://www.fnpelota.com/pub/modalidadComp.asp?idioma=eu&idCompeticion=3258&temp=2026
x,2009,P26356,ETXEPARE GONZALEZ,MARTIN ,LEKUNBERRI,ESKU PILOTA,NAGUSIAK B,https://www.fnpelota.com/pub/modalidadComp.asp?idioma=eu&idCompeticion=3247&temp=2026
x,2009,P26220,OREJA ALTUNA,EGOITZ,ERRAZKIN,ESKU PILOTA,JUBENILAK,https://www.fnpelota.com/pub/ModalidadComp.asp?idioma=eu&idCompeticion=3246
x,2009,P26730,LASO ETXARRI,MIKEL,ETXARREN,ESKU PILOTA,JUBENILAK,https://www.fnpelota.com/pub/ModalidadComp.asp?idioma=eu&idCompeticion=3246
x,2009,P26729,OTAMENDI MARTIN,UNAI,BETELU,ESKU PILOTA,JUBENILAK,https://www.fnpelota.com/pub/ModalidadComp.asp?idioma=eu&idCompeticion=3246
x,2009,P25550,GALARZA NOGUERA,NAIA,LEKUNBERRI,PALA GOMA,NAGUSIAK,
x,2010,P23224,BALDA IRUNGARAI,AITOR,LEKUNBERRI,ESKU PILOTA,JUBENILAK,https://www.fnpelota.com/pub/modalidadComp.asp?idioma=eu&idCompeticion=3247&temp=2026
x,2010,P23194,BILDARRAZ ANSORENA,JULEN,ALDATZ,ESKU PILOTA,JUBENILAK,https://www.fnpelota.com/pub/modalidadComp.asp?idioma=eu&idCompeticion=3247&temp=2026
x,2010,P23152 ,IJURKO BAKAIKUA,OIHAN,LEKUNBERRI,ESKU PILOTA,JUBENILAK,https://www.fnpelota.com/pub/ModalidadComp.asp?idioma=eu&idCompeticion=3246
x,2010,P26731,SOTIL MIKEO,IMANOL,BETELU,ESKU PILOTA,JUBENILAK,https://www.fnpelota.com/pub/modalidadComp.asp?idioma=eu&idCompeticion=3247&temp=2026
x,2010,P25798,LARRETA GOIKOETXEA,IZARNE,ALDATZ,PALA GOMA,JUBENILAK,https://www.fnpelota.com/pub/ModalidadComp.asp?idioma=eu&idCompeticion=3272&temp=2026
x,2010,P26088,BENGOETXEA LARRARTE,LOREA,GORRITI,PALA GOMA,JUBENILAK,https://www.fnpelota.com/pub/modalidadComp.asp?idioma=eu&idCompeticion=3271&temp=2026
x,2010,P26084,ASTIZ LEGARRA,GARAZI,ARRUITZ,PALA GOMA,JUBENILAK,https://www.fnpelota.com/pub/ModalidadComp.asp?idioma=eu&idCompeticion=3272&temp=2026
x,2011,P23722,JAKA LASARTE,EGOI,ETXARRI,ESKU PILOTA,KADETEAK,https://www.fnpelota.com/pub/modalidadComp.asp?idioma=eu&idCompeticion=3244&temp=2026
x,2011,P26733,GOÑI ELUSTONDO,UXUE,GARTZARON,PALA GOMA,KADETEAK,
x,2011,P26676,APEZETXEA GOIKOETXEA,HAIZEA,LEKUNBERRI,PALA GOMA,KADETEAK,
x,2011,P26734,LEGARRA IJURKO,LAIDA,LEKUNBERRI,PALA GOMA,KADETEAK,
x,2012,P26696,BENGOETXEA LARRARTE,AIMAR,GORRITI,ESKU PILOTA,INFANTILAK,
x,2012,P26677,GARAÑO GASTESI,IRAIDE,LEKUNBERRI,PALA GOMA,INFANTILAK,
x,2013,P26735,BIDEGAIN BIANA,MIKEL,ODERITZ,ESKU PILOTA,INFANTILAK,
x,2013,P27144,GOLDARACENA LANZ,XABIER,LEKUNBERRI,ESKU PILOTA,INFANTILAK,https://www.fnpelota.com/pub/modalidadComp.asp?idioma=eu&idCompeticion=3239&temp=2026
x,2013,P27154,BALENCIAGA GRACIA,AIMAR,LEKUNBERRI,ESKU PILOTA,INFANTILAK,https://www.fnpelota.com/pub/modalidadComp.asp?idioma=eu&idCompeticion=3241&temp=2026
x,2013,P28018,MITXAUS FUENTES,JULEN,LEKUNBERRI,ESKU PILOTA,INFANTILAK,https://www.fnpelota.com/pub/modalidadComp.asp?idioma=eu&idCompeticion=3241&temp=2026
x,2013,,MARTINIKORENA SARALEGI,GOIURI,LEKUNBERRI,PALA GOMA,KADETEAK,
x,2014,P26738,CENTENO CELAYA,DIEGO,LEKUNBERRI,ESKU PILOTA,INFANTILAK,https://www.fnpelota.com/pub/modalidadComp.asp?idioma=eu&idCompeticion=3240&temp=2026
x,2014,P28010,ARGAÑA ARRIBILLAGA,MIKEL,MADOTZ,ESKU PILOTA,INFANTILAK,https://www.fnpelota.com/pub/modalidadComp.asp?idioma=eu&idCompeticion=3240&temp=2026
,2014,P29257,SAIZAR OLLO,BEÑAT,LEKUNBERRI,ESKU PILOTA,INFANTILAK,
,2014,P29258,SAIZAR OLLO ,UNAI,LEKUNBERRI,ESKU PILOTA,INFANTILAK,
x,2015,P27453,BALDA ETXEBERRIA,ENDIKA,LEKUNBERRI,ESKU PILOTA,INFANTILAK,https://www.fnpelota.com/pub/modalidadComp.asp?idioma=eu&idCompeticion=3235&temp=2026
x,2015,P27460,ANSORENA BELDARRAIN,IBAI,LEKUNBERRI,ESKU PILOTA,ALEBINAK 2,https://www.fnpelota.com/pub/modalidadComp.asp?idioma=eu&idCompeticion=3236&temp=2026
x,2015,P28013,ASTIZ VELASCO,ANDER,ALLI,ESKU PILOTA,ALEBINAK 2,https://www.fnpelota.com/pub/modalidadComp.asp?idioma=eu&idCompeticion=3237&temp=2026
x,2015,P27708,MENDINUETA MARIÑELARENA,JOAN,LEKUNBERRI,ESKU PILOTA,ALEBINAK 2,https://www.fnpelota.com/pub/modalidadComp.asp?idioma=eu&idCompeticion=3236&temp=2026
x,2015,P27498,ZUBILLAGA ALVAREZ,ADUR,LEKUNBERRI,ESKU PILOTA,ALEBINAK 2,https://www.fnpelota.com/pub/modalidadComp.asp?idioma=eu&idCompeticion=3236&temp=2026
x,2015,P28264,MOZO BALDA,EKHI,LEKUNBERRI,ESKU PILOTA,ALEBINAK 2,https://www.fnpelota.com/pub/modalidadComp.asp?idioma=eu&idCompeticion=3236&temp=2026
x,2015,P28069,DORRONSORO ALBERO,ANDER,GORRITI,ESKU PILOTA,ALEBINAK 2,https://www.fnpelota.com/pub/modalidadComp.asp?idioma=eu&idCompeticion=3235&temp=2026
X,2015,P29259,GOLDARAZENA BARBERENA,ADEI,ALLI,ESKU PILOTA,ALEBINAK 2,https://www.fnpelota.com/pub/modalidadComp.asp?idioma=eu&idCompeticion=3237&temp=2026
x,2015,P29260,IRUJO SUAREZ ,JOAQUIN,LEKUNBERRI,ESKU PILOTA,ALEBINAK 2,
x,2016,P28014,LOCIGA MUÑOZ,INHAR,LEKUNBERRI,ESKU PILOTA,ALEBINAK 1,
x,2016,P28017,AGIRREZABALA VALENCIA,URKO,LEKUNBERRI,ESKU PILOTA,ALEBINAK 1,https://www.fnpelota.com/pub/modalidadComp.asp?idioma=eu&idCompeticion=3236&temp=2026
x,2016,P28015,APEZETXEA GOIKOETXEA,ARATZ,LEKUNBERRI,ESKU PILOTA,ALEBINAK 1,https://www.fnpelota.com/pub/modalidadComp.asp?idioma=eu&idCompeticion=3236&temp=2026
x,2016,P28016,ARIZTIMUÑO ZUBIRIA,URKO,LEKUNBERRI,ESKU PILOTA,ALEBINAK 1,https://www.fnpelota.com/pub/modalidadComp.asp?idioma=eu&idCompeticion=3236&temp=2026
x,2016,P28266,OIARTZUN GOIKOETXEA,LUKEN,BARAIBAR,ESKU PILOTA,ALEBINAK 1,
x,2016,P28517,ETXEBERRIA ETXARRI,ENEKO,LEKUNBERRI,ESKU PILOTA,ALEBINAK 1,
x,2016,P28267,GALARTZA MEÑIKA ,SUHAR,ODERITZ,ESKU PILOTA,ALEBINAK 1,https://www.fnpelota.com/pub/modalidadComp.asp?idioma=eu&idCompeticion=3237&temp=2026
x,2016,P28478,RUIZ MARTIN,AITOR,LEKUNBERRI,ESKU PILOTA,ALEBINAK 1,https://www.fnpelota.com/pub/modalidadComp.asp?idioma=eu&idCompeticion=3237&temp=2026
,2017,,IRIARTE BELOKI,ALAIA,ETXALEKU,ESKU PILOTA,ALEBINAK,
x,2017,P28318,MITXAUS FUENTES,OIER,LEKUNBERRI,ESKU PILOTA,ALEBINAK 1,https://www.fnpelota.com/pub/modalidadComp.asp?idioma=eu&idCompeticion=3231&temp=2026
x,2017,P28516,GARCIA AZPIROZ,GORKA,LEKUNBERRI,ESKU PILOTA,BENJAMINAK 2,
x,2017,P28519,GOIKOETXEA AREVALO,LIER,LEKUNBERRI,ESKU PILOTA,BENJAMINAK 2,https://www.fnpelota.com/pub/modalidadComp.asp?idioma=eu&idCompeticion=3232&temp=2026
x,2017,P28518,GOIKOETXEA AREVALO,BEÑAT,LEKUNBERRI,ESKU PILOTA,BENJAMINAK 2,https://www.fnpelota.com/pub/modalidadComp.asp?idioma=eu&idCompeticion=3232&temp=2026
x,2017,P29282,SANZ BIANA,MANEX,ODERITZ,ESKU PILOTA,BENJAMINAK 2,https://www.fnpelota.com/pub/modalidadComp.asp?idioma=eu&idCompeticion=3232&temp=2026
x,2017,P28715,LOYARTE GAZTELUMENDI,AIUR,LEKUNBERRI,ESKU PILOTA,BENJAMINAK 2,https://www.fnpelota.com/pub/modalidadComp.asp?idioma=eu&idCompeticion=3231&temp=2026
x,2017,P29283,JAURRIETA BELOKI,ENEKO,LEKUNBERRI,ESKU PILOTA,BENJAMINAK 2,
x,2017,P29284,ALBENIZ MAIZA,ENAI,LEKUNBERRI,ESKU PILOTA,BENJAMINAK 2,
x,2017,P28479,ARGAÑA ARRIBILLAGA,MARTIN,MADOTZ,ESKU PILOTA,BENJAMINAK 2,
x,2017,,GOLDARAZENA BARBERENA,NORA,ALLI,PALA GOMA,ALEBINAK,
x,2017,,VENZISLAVOVA BOYKOVA,SARA,LEKUNBERRI,PALA GOMA,ALEBINAK,
x,2017,,WATTS MARTE,NASHLA,LEKUNBERRI,PALA GOMA,ALEBINAK,
x,2017,P29289,OCHOA CUEVA,AIMAR,LEKUNBERRI,ESKU PILOTA,BENJAMINAK 2,
x,2017,P29293,BULDAIN DE LA ROSA,ANDER,LEKUNBERRI,ESKU PILOTA,BENJAMINAK 2,https://www.fnpelota.com/pub/modalidadComp.asp?idioma=eu&idCompeticion=3232&temp=2026
x,2018,P29262,ARIZTIMUÑO ZUBIRIA,LANDER,LEKUNBERRI,ESKU PILOTA,BENJAMINAK 1,https://www.fnpelota.com/pub/modalidadComp.asp?idioma=eu&idCompeticion=3232&temp=2026
x,2018,P29263,MOZO BALDA,AMETS,LEKUNBERRI,ESKU PILOTA,BENJAMINAK 1,https://www.fnpelota.com/pub/modalidadComp.asp?idioma=eu&idCompeticion=3232&temp=2026
x,2018,P29264,BIDEGAIN BIANA,AIMAR,ODERITZ,ESKU PILOTA,BENJAMINAK 1,https://www.fnpelota.com/pub/modalidadComp.asp?idioma=eu&idCompeticion=3233&temp=2026
,2018,P29265,ERNETA ZABALZA,UNAI,LEKUNBERRI,ESKU PILOTA,BENJAMINAK 1,https://www.fnpelota.com/pub/modalidadComp.asp?idioma=eu&idCompeticion=3233&temp=2026
x,2018,P29266,RUIZ AYESTARAN,JOAR,LEKUNBERRI,ESKU PILOTA,BENJAMINAK 1,https://www.fnpelota.com/pub/modalidadComp.asp?idioma=eu&idCompeticion=3233&temp=2026
x,2018,,SAN SEBASTIAN VELILLA,LEO,LEKUNBERRI,ESKU PILOTA,BENJAMINAK 1,
x,2018,P29267,ETXEBERRIA ETXARRI,MARKEL,LEKUNBERRI,ESKU PILOTA,AURREBENJAMINAK,
x,2018,P29268,SORIA IRIARTE,LUKA,LEKUNBERRI,ESKU PILOTA,AURREBENJAMINAK,https://www.fnpelota.com/pub/modalidadComp.asp?idioma=eu&idCompeticion=3233&temp=2026
x,2018,P29269,OJUEL ASTIBIA,LUAR,ARRUITZ,ESKU PILOTA,AURREBENJAMINAK,https://www.fnpelota.com/pub/modalidadComp.asp?idioma=eu&idCompeticion=3233&temp=2026
x,2018,P29270,ZUBILLAGA ARRIZUBIETA,EKHI,LEKUNBERRI,ESKU PILOTA,AURREBENJAMINAK,https://www.fnpelota.com/pub/modalidadComp.asp?idioma=eu&idCompeticion=3233&temp=2026
x,2019,,ESKUDERO TIJERO,OIHAN,LEKUNBERRI,ESKU PILOTA,AURREBENJAMINAK,
x,2020,,LOYARTE GAZTELUMENDI,JOAR,LEKUNBERRI,ESKU PILOTA,AURREBENJAMINAK,
x,2020,,GALARTZA MEÑIKA ,AIUR,ODERITZ,ESKU PILOTA,AURREBENJAMINAK,
x,2020,,PLA OLIVE,KAI,LEKUNBERRI,ESKU PILOTA,AURREBENJAMINAK,
x,2020,,GOIKOETXEA MARTIRENA,AIUR,GORRITI,ESKU PILOTA,AURREBENJAMINAK,
utzi,2020,,ATXA AUZMENDI ,LUAR,LEKUNBERRI,ESKU PILOTA,AURREBENJAMINAK,
